state,year,crime,rate,2015Y,2016Y,,
New England,2015,Murder,2.2,2034,1936.6,,
New England,2016,Murder,2,2034,1936.6,,
New England,2015,Rape,31.3,2034,1936.6,,
New England,2016,Rape,30.6,2034,1936.6,,
New England,2015,Robbery,65.5,2034,1936.6,,
New England,2016,Robbery,63.8,2034,1936.6,,
New England,2015,Assault,187.4,2034,1936.6,,
New England,2016,Assault,185.9,2034,1936.6,,
New England,2015,Burglary,314.5,2034,1936.6,,
New England,2016,Burglary,285.7,2034,1936.6,,
New England,2015,Larceny-theft,1312.4,2034,1936.6,,
New England,2016,Larceny-theft,1241.8,2034,1936.6,,
New England,2015,Motor vehicle theft,120.7,2034,1936.6,,
New England,2016,Motor vehicle theft,126.8,2034,1936.6,,
Connecticut,2015,Murder,3.2,2051.7,2035.2,,
Connecticut,2016,Murder,2.2,2051.7,2035.2,,
Connecticut,2015,Rape,22.3 ,2051.7,2035.2,,
Connecticut,2016,Rape,21.3 ,2051.7,2035.2,,
Connecticut,2015,Robbery,81.6 ,2051.7,2035.2,,
Connecticut,2016,Robbery,75.6 ,2051.7,2035.2,,
Connecticut,2015,Assault,114.3 ,2051.7,2035.2,,
Connecticut,2016,Assault,128.0 ,2051.7,2035.2,,
Connecticut,2015,Burglary,286.9 ,2051.7,2035.2,,
Connecticut,2016,Burglary,280.9 ,2051.7,2035.2,,
Connecticut,2015,Larceny-theft,"1,364.1 ",2051.7,2035.2,,
Connecticut,2016,Larceny-theft,"1,328.5 ",2051.7,2035.2,,
Connecticut,2015,Motor vehicle theft,179.3 ,2051.7,2035.2,,
Connecticut,2016,Motor vehicle theft,198.7 ,2051.7,2035.2,,
Maine,2015,Murder,1.7 ,"1,962.2 ","1,769.3 ",,
Maine,2016,Murder,1.5 ,"1,962.2 ","1,769.3 ",,
Maine,2015,Rape,34.7 ,"1,962.2 ","1,769.3 ",,
Maine,2016,Rape,30.9 ,"1,962.2 ","1,769.3 ",,
Maine,2015,Robbery,23.4 ,"1,962.2 ","1,769.3 ",,
Maine,2016,Robbery,20.0 ,"1,962.2 ","1,769.3 ",,
Maine,2015,Assault,70.0 ,"1,962.2 ","1,769.3 ",,
Maine,2016,Assault,71.3 ,"1,962.2 ","1,769.3 ",,
Maine,2015,Burglary,353.1 ,"1,962.2 ","1,769.3 ",,
Maine,2016,Burglary,300.6 ,"1,962.2 ","1,769.3 ",,
Maine,2015,Larceny-theft,"1,418.1 ","1,962.2 ","1,769.3 ",,
Maine,2016,Larceny-theft,"1,286.8 ","1,962.2 ","1,769.3 ",,
Maine,2015,Motor vehicle theft,61.2 ,"1,962.2 ","1,769.3 ",,
Maine,2016,Motor vehicle theft,58.2 ,"1,962.2 ","1,769.3 ",,
Massachusetts,2015,Murder,1.9 ,"2,078.3 ","1,938.1 ",,
Massachusetts,2016,Murder,2.0 ,"2,078.3 ","1,938.1 ",,
Massachusetts,2015,Rape,30.7 ,"2,078.3 ","1,938.1 ",,
Massachusetts,2016,Rape,31.2 ,"2,078.3 ","1,938.1 ",,
Massachusetts,2015,Robbery,77.6 ,"2,078.3 ","1,938.1 ",,
Massachusetts,2016,Robbery,78.8 ,"2,078.3 ","1,938.1 ",,
Massachusetts,2015,Assault,279.7 ,"2,078.3 ","1,938.1 ",,
Massachusetts,2016,Assault,265.0 ,"2,078.3 ","1,938.1 ",,
Massachusetts,2015,Burglary,321.7 ,"2,078.3 ","1,938.1 ",,
Massachusetts,2016,Burglary,281.8 ,"2,078.3 ","1,938.1 ",,
Massachusetts,2015,Larceny-theft,"1,248.1 ","2,078.3 ","1,938.1 ",,
Massachusetts,2016,Larceny-theft,"1,161.0 ","2,078.3 ","1,938.1 ",,
Massachusetts,2015,Motor vehicle theft,118.6 ,"2,078.3 ","1,938.1 ",,
Massachusetts,2016,Motor vehicle theft,118.3 ,"2,078.3 ","1,938.1 ",,
New Hampshire,2015,Murder,1.1 ,"1,965.6 ","1,710.6 ",,
New Hampshire,2016,Murder,1.3 ,"1,965.6 ","1,710.6 ",,
New Hampshire,2015,Rape,48.4 ,"1,965.6 ","1,710.6 ",,
New Hampshire,2016,Rape,43.6 ,"1,965.6 ","1,710.6 ",,
New Hampshire,2015,Robbery,35.7 ,"1,965.6 ","1,710.6 ",,
New Hampshire,2016,Robbery,32.0 ,"1,965.6 ","1,710.6 ",,
New Hampshire,2015,Assault,117.1 ,"1,965.6 ","1,710.6 ",,
New Hampshire,2016,Assault,120.7 ,"1,965.6 ","1,710.6 ",,
New Hampshire,2015,Burglary,261.8 ,"1,965.6 ","1,710.6 ",,
New Hampshire,2016,Burglary,222.0 ,"1,965.6 ","1,710.6 ",,
New Hampshire,2015,Larceny-theft,"1,434.2 ","1,965.6 ","1,710.6 ",,
New Hampshire,2016,Larceny-theft,"1,225.7 ","1,965.6 ","1,710.6 ",,
New Hampshire,2015,Motor vehicle theft,67.3 ,"1,965.6 ","1,710.6 ",,
New Hampshire,2016,Motor vehicle theft,65.3 ,"1,965.6 ","1,710.6 ",,
Rhode Island,2015,Murder,2.9 ,"2,141.2 ","2,137.5 ",,
Rhode Island,2016,Murder,2.7 ,"2,141.2 ","2,137.5 ",,
Rhode Island,2015,Rape,44.2 ,"2,141.2 ","2,137.5 ",,
Rhode Island,2016,Rape,41.8 ,"2,141.2 ","2,137.5 ",,
Rhode Island,2015,Robbery,51.8 ,"2,141.2 ","2,137.5 ",,
Rhode Island,2016,Robbery,51.1 ,"2,141.2 ","2,137.5 ",,
Rhode Island,2015,Assault,144.0 ,"2,141.2 ","2,137.5 ",,
Rhode Island,2016,Assault,143.2 ,"2,141.2 ","2,137.5 ",,
Rhode Island,2015,Burglary,373.1 ,"2,141.2 ","2,137.5 ",,
Rhode Island,2016,Burglary,358.6 ,"2,141.2 ","2,137.5 ",,
Rhode Island,2015,Larceny-theft,"1,393.9 ","2,141.2 ","2,137.5 ",,
Rhode Island,2016,Larceny-theft,"1,389.0 ","2,141.2 ","2,137.5 ",,
Rhode Island,2015,Motor vehicle theft,131.3 ,"2,141.2 ","2,137.5 ",,
Rhode Island,2016,Motor vehicle theft,151.1 ,"2,141.2 ","2,137.5 ",,
Vermont,2015,Murder,1.6 ,"1,567.1 ","1,855.7 ",,
Vermont,2016,Murder,2.2 ,"1,567.1 ","1,855.7 ",,
Vermont,2015,Rape,24.0 ,"1,567.1 ","1,855.7 ",,
Vermont,2016,Rape,28.5 ,"1,567.1 ","1,855.7 ",,
Vermont,2015,Robbery,16.8 ,"1,567.1 ","1,855.7 ",,
Vermont,2016,Robbery,17.0 ,"1,567.1 ","1,855.7 ",,
Vermont,2015,Assault,77.0 ,"1,567.1 ","1,855.7 ",,
Vermont,2016,Assault,110.6 ,"1,567.1 ","1,855.7 ",,
Vermont,2015,Burglary,324.9 ,"1,567.1 ","1,855.7 ",,
Vermont,2016,Burglary,336.7 ,"1,567.1 ","1,855.7 ",,
Vermont,2015,Larceny-theft,"1,091.5 ","1,567.1 ","1,855.7 ",,
Vermont,2016,Larceny-theft,"1,315.6 ","1,567.1 ","1,855.7 ",,
Vermont,2015,Motor vehicle theft,31.3 ,"1,567.1 ","1,855.7 ",,
Vermont,2016,Motor vehicle theft,45.1 ,"1,567.1 ","1,855.7 ",,
New Jersey,2015,Murder,4.1 ,"1,886.7 ","1,789.5 ",,
New Jersey,2016,Murder,4.2 ,"1,886.7 ","1,789.5 ",,
New Jersey,2015,Rape,15.4 ,"1,886.7 ","1,789.5 ",,
New Jersey,2016,Rape,16.2 ,"1,886.7 ","1,789.5 ",,
New Jersey,2015,Robbery,108.9 ,"1,886.7 ","1,789.5 ",,
New Jersey,2016,Robbery,100.4 ,"1,886.7 ","1,789.5 ",,
New Jersey,2015,Assault,127.7 ,"1,886.7 ","1,789.5 ",,
New Jersey,2016,Assault,124.2 ,"1,886.7 ","1,789.5 ",,
New Jersey,2015,Burglary,312.9 ,"1,886.7 ","1,789.5 ",,
New Jersey,2016,Burglary,282.7 ,"1,886.7 ","1,789.5 ",,
New Jersey,2015,Larceny-theft,"1,185.9 ","1,886.7 ","1,789.5 ",,
New Jersey,2016,Larceny-theft,"1,135.2 ","1,886.7 ","1,789.5 ",,
New Jersey,2015,Motor vehicle theft,131.8 ,"1,886.7 ","1,789.5 ",,
New Jersey,2016,Motor vehicle theft,126.6 ,"1,886.7 ","1,789.5 ",,
New York,2015,Murder,3.1 ,"1,986.8 ","1,921.8 ",,
New York,2016,Murder,3.2 ,"1,986.8 ","1,921.8 ",,
New York,2015,Rape,31.1 ,"1,986.8 ","1,921.8 ",,
New York,2016,Rape,31.7 ,"1,986.8 ","1,921.8 ",,
New York,2015,Robbery,120.9 ,"1,986.8 ","1,921.8 ",,
New York,2016,Robbery,113.0 ,"1,986.8 ","1,921.8 ",,
New York,2015,Assault,225.3 ,"1,986.8 ","1,921.8 ",,
New York,2016,Assault,228.3 ,"1,986.8 ","1,921.8 ",,
New York,2015,Burglary,223.4 ,"1,986.8 ","1,921.8 ",,
New York,2016,Burglary,201.7 ,"1,986.8 ","1,921.8 ",,
New York,2015,Larceny-theft,"1,305.7 ","1,986.8 ","1,921.8 ",,
New York,2016,Larceny-theft,"1,271.0 ","1,986.8 ","1,921.8 ",,
New York,2015,Motor vehicle theft,77.3 ,"1,986.8 ","1,921.8 ",,
New York,2016,Motor vehicle theft,72.9 ,"1,986.8 ","1,921.8 ",,
Pennsylvania,2015,Murder,5.2 ,"2,128.7 ","2,059.1 ",,
Pennsylvania,2016,Murder,5.2 ,"2,128.7 ","2,059.1 ",,
Pennsylvania,2015,Rape,33.6 ,"2,128.7 ","2,059.1 ",,
Pennsylvania,2016,Rape,34.7 ,"2,128.7 ","2,059.1 ",,
Pennsylvania,2015,Robbery,101.4 ,"2,128.7 ","2,059.1 ",,
Pennsylvania,2016,Robbery,96.4 ,"2,128.7 ","2,059.1 ",,
Pennsylvania,2015,Assault,175.3 ,"2,128.7 ","2,059.1 ",,
Pennsylvania,2016,Assault,180.1 ,"2,128.7 ","2,059.1 ",,
Pennsylvania,2015,Burglary,309.4 ,"2,128.7 ","2,059.1 ",,
Pennsylvania,2016,Burglary,277.8 ,"2,128.7 ","2,059.1 ",,
Pennsylvania,2015,Larceny-theft,"1,409.0 ","2,128.7 ","2,059.1 ",,
Pennsylvania,2016,Larceny-theft,"1,362.8 ","2,128.7 ","2,059.1 ",,
Pennsylvania,2015,Motor vehicle theft,94.8 ,"2,128.7 ","2,059.1 ",,
Pennsylvania,2016,Motor vehicle theft,102.1 ,"2,128.7 ","2,059.1 ",,
Illinois,2015,Murder,5.9 ,"2,389.0 ","2,485.3 ",,
Illinois,2016,Murder,8.2 ,"2,389.0 ","2,485.3 ",,
Illinois,2015,Rape,38.4 ,"2,389.0 ","2,485.3 ",,
Illinois,2016,Rape,38.3 ,"2,389.0 ","2,485.3 ",,
Illinois,2015,Robbery,117.3 ,"2,389.0 ","2,485.3 ",,
Illinois,2016,Robbery,139.3 ,"2,389.0 ","2,485.3 ",,
Illinois,2015,Assault,226.0 ,"2,389.0 ","2,485.3 ",,
Illinois,2016,Assault,250.5 ,"2,389.0 ","2,485.3 ",,
Illinois,2015,Burglary,364.9 ,"2,389.0 ","2,485.3 ",,
Illinois,2016,Burglary,374.9 ,"2,389.0 ","2,485.3 ",,
Illinois,2015,Larceny-theft,"1,498.7 ","2,389.0 ","2,485.3 ",,
Illinois,2016,Larceny-theft,"1,518.6 ","2,389.0 ","2,485.3 ",,
Illinois,2015,Motor vehicle theft,137.8 ,"2,389.0 ","2,485.3 ",,
Illinois,2016,Motor vehicle theft,155.5 ,"2,389.0 ","2,485.3 ",,
Indiana,2015,Murder,5.6 ,"2,983.0 ","2,994.1 ",,
Indiana,2016,Murder,6.6 ,"2,983.0 ","2,994.1 ",,
Indiana,2015,Rape,36.1 ,"2,983.0 ","2,994.1 ",,
Indiana,2016,Rape,37.7 ,"2,983.0 ","2,994.1 ",,
Indiana,2015,Robbery,107.1 ,"2,983.0 ","2,994.1 ",,
Indiana,2016,Robbery,110.5 ,"2,983.0 ","2,994.1 ",,
Indiana,2015,Assault,234.9 ,"2,983.0 ","2,994.1 ",,
Indiana,2016,Assault,249.9 ,"2,983.0 ","2,994.1 ",,
Indiana,2015,Burglary,520.3 ,"2,983.0 ","2,994.1 ",,
Indiana,2016,Burglary,514.0 ,"2,983.0 ","2,994.1 ",,
Indiana,2015,Larceny-theft,"1,874.3 ","2,983.0 ","2,994.1 ",,
Indiana,2016,Larceny-theft,"1,853.3 ","2,983.0 ","2,994.1 ",,
Indiana,2015,Motor vehicle theft,204.7 ,"2,983.0 ","2,994.1 ",,
Indiana,2016,Motor vehicle theft,222.1 ,"2,983.0 ","2,994.1 ",,
Michigan,2015,Murder,5.9 ,"2,348.3 ","2,368.8 ",,
Michigan,2016,Murder,6.0 ,"2,348.3 ","2,368.8 ",,
Michigan,2015,Rape,67.7 ,"2,348.3 ","2,368.8 ",,
Michigan,2016,Rape,71.8 ,"2,348.3 ","2,368.8 ",,
Michigan,2015,Robbery,78.8 ,"2,348.3 ","2,368.8 ",,
Michigan,2016,Robbery,71.7 ,"2,348.3 ","2,368.8 ",,
Michigan,2015,Assault,268.2 ,"2,348.3 ","2,368.8 ",,
Michigan,2016,Assault,309.5 ,"2,348.3 ","2,368.8 ",,
Michigan,2015,Burglary,407.1 ,"2,348.3 ","2,368.8 ",,
Michigan,2016,Burglary,398.5 ,"2,348.3 ","2,368.8 ",,
Michigan,2015,Larceny-theft,"1,331.1 ","2,348.3 ","2,368.8 ",,
Michigan,2016,Larceny-theft,"1,308.1 ","2,348.3 ","2,368.8 ",,
Michigan,2015,Motor vehicle theft,189.5 ,"2,348.3 ","2,368.8 ",,
Michigan,2016,Motor vehicle theft,203.2 ,"2,348.3 ","2,368.8 ",,
Ohio,2015,Murder,4.5 ,"2,913.5 ","2,877.7 ",,
Ohio,2016,Murder,5.6 ,"2,913.5 ","2,877.7 ",,
Ohio,2015,Rape,46.9 ,"2,913.5 ","2,877.7 ",,
Ohio,2016,Rape,48.1 ,"2,913.5 ","2,877.7 ",,
Ohio,2015,Robbery,108.7 ,"2,913.5 ","2,877.7 ",,
Ohio,2016,Robbery,107.8 ,"2,913.5 ","2,877.7 ",,
Ohio,2015,Assault,136.1 ,"2,913.5 ","2,877.7 ",,
Ohio,2016,Assault,138.7 ,"2,913.5 ","2,877.7 ",,
Ohio,2015,Burglary,603.1 ,"2,913.5 ","2,877.7 ",,
Ohio,2016,Burglary,575.9 ,"2,913.5 ","2,877.7 ",,
Ohio,2015,Larceny-theft,"1,864.3 ","2,913.5 ","2,877.7 ",,
Ohio,2016,Larceny-theft,"1,832.3 ","2,913.5 ","2,877.7 ",,
Ohio,2015,Motor vehicle theft,149.9 ,"2,913.5 ","2,877.7 ",,
Ohio,2016,Motor vehicle theft,169.3 ,"2,913.5 ","2,877.7 ",,
Wisconsin,2015,Murder,4.2 ,"2,283.7 ","2,239.1 ",,
Wisconsin,2016,Murder,4.0 ,"2,283.7 ","2,239.1 ",,
Wisconsin,2015,Rape,31.3 ,"2,283.7 ","2,239.1 ",,
Wisconsin,2016,Rape,34.2 ,"2,283.7 ","2,239.1 ",,
Wisconsin,2015,Robbery,90.7 ,"2,283.7 ","2,239.1 ",,
Wisconsin,2016,Robbery,81.4 ,"2,283.7 ","2,239.1 ",,
Wisconsin,2015,Assault,178.1 ,"2,283.7 ","2,239.1 ",,
Wisconsin,2016,Assault,186.3 ,"2,283.7 ","2,239.1 ",,
Wisconsin,2015,Burglary,339.8 ,"2,283.7 ","2,239.1 ",,
Wisconsin,2016,Burglary,336.1 ,"2,283.7 ","2,239.1 ",,
Wisconsin,2015,Larceny-theft,"1,448.9 ","2,283.7 ","2,239.1 ",,
Wisconsin,2016,Larceny-theft,"1,424.8 ","2,283.7 ","2,239.1 ",,
Wisconsin,2015,Motor vehicle theft,190.7 ,"2,283.7 ","2,239.1 ",,
Wisconsin,2016,Motor vehicle theft,172.3 ,"2,283.7 ","2,239.1 ",,
Iowa,2015,Murder,2.3 ,"2,348.0 ","2,376.8 ",,
Iowa,2016,Murder,2.3 ,"2,348.0 ","2,376.8 ",,
Iowa,2015,Rape,38.6 ,"2,348.0 ","2,376.8 ",,
Iowa,2016,Rape,39.8 ,"2,348.0 ","2,376.8 ",,
Iowa,2015,Robbery,33.6 ,"2,348.0 ","2,376.8 ",,
Iowa,2016,Robbery,36.6 ,"2,348.0 ","2,376.8 ",,
Iowa,2015,Assault,201.5 ,"2,348.0 ","2,376.8 ",,
Iowa,2016,Assault,212.0 ,"2,348.0 ","2,376.8 ",,
Iowa,2015,Burglary,479.7 ,"2,348.0 ","2,376.8 ",,
Iowa,2016,Burglary,479.5 ,"2,348.0 ","2,376.8 ",,
Iowa,2015,Larceny-theft,"1,451.9 ","2,348.0 ","2,376.8 ",,
Iowa,2016,Larceny-theft,"1,447.6 ","2,348.0 ","2,376.8 ",,
Iowa,2015,Motor vehicle theft,140.4 ,"2,348.0 ","2,376.8 ",,
Iowa,2016,Motor vehicle theft,159.0 ,"2,348.0 ","2,376.8 ",,
Kansas,2015,Murder,4.3 ,"3,149.2 ","3,076.0 ",,
Kansas,2016,Murder,3.8 ,"3,149.2 ","3,076.0 ",,
Kansas,2015,Rape,57.9 ,"3,149.2 ","3,076.0 ",,
Kansas,2016,Rape,45.1 ,"3,149.2 ","3,076.0 ",,
Kansas,2015,Robbery,62.7 ,"3,149.2 ","3,076.0 ",,
Kansas,2016,Robbery,57.5 ,"3,149.2 ","3,076.0 ",,
Kansas,2015,Assault,270.1 ,"3,149.2 ","3,076.0 ",,
Kansas,2016,Assault,274.0 ,"3,149.2 ","3,076.0 ",,
Kansas,2015,Burglary,537.3 ,"3,149.2 ","3,076.0 ",,
Kansas,2016,Burglary,494.1 ,"3,149.2 ","3,076.0 ",,
Kansas,2015,Larceny-theft,"1,975.9 ","3,149.2 ","3,076.0 ",,
Kansas,2016,Larceny-theft,"1,962.9 ","3,149.2 ","3,076.0 ",,
Kansas,2015,Motor vehicle theft,241.0 ,"3,149.2 ","3,076.0 ",,
Kansas,2016,Motor vehicle theft,238.6 ,"3,149.2 ","3,076.0 ",,
Minnesota,2015,Murder,2.4 ,"2,467.9 ","2,375.8 ",,
Minnesota,2016,Murder,1.8 ,"2,467.9 ","2,375.8 ",,
Minnesota,2015,Rape,42.3 ,"2,467.9 ","2,375.8 ",,
Minnesota,2016,Rape,42.5 ,"2,467.9 ","2,375.8 ",,
Minnesota,2015,Robbery,68.8 ,"2,467.9 ","2,375.8 ",,
Minnesota,2016,Robbery,67.5 ,"2,467.9 ","2,375.8 ",,
Minnesota,2015,Assault,129.4 ,"2,467.9 ","2,375.8 ",,
Minnesota,2016,Assault,130.7 ,"2,467.9 ","2,375.8 ",,
Minnesota,2015,Burglary,352.0 ,"2,467.9 ","2,375.8 ",,
Minnesota,2016,Burglary,337.1 ,"2,467.9 ","2,375.8 ",,
Minnesota,2015,Larceny-theft,"1,727.4 ","2,467.9 ","2,375.8 ",,
Minnesota,2016,Larceny-theft,"1,638.1 ","2,467.9 ","2,375.8 ",,
Minnesota,2015,Motor vehicle theft,145.6 ,"2,467.9 ","2,375.8 ",,
Minnesota,2016,Motor vehicle theft,158.1 ,"2,467.9 ","2,375.8 ",,
Missouri,2015,Murder,8.3 ,"3,358.6 ","3,318.4 ",,
Missouri,2016,Murder,8.8 ,"3,358.6 ","3,318.4 ",,
Missouri,2015,Rape,42.3 ,"3,358.6 ","3,318.4 ",,
Missouri,2016,Rape,41.9 ,"3,358.6 ","3,318.4 ",,
Missouri,2015,Robbery,105.0 ,"3,358.6 ","3,318.4 ",,
Missouri,2016,Robbery,107.8 ,"3,358.6 ","3,318.4 ",,
Missouri,2015,Assault,342.9 ,"3,358.6 ","3,318.4 ",,
Missouri,2016,Assault,360.8 ,"3,358.6 ","3,318.4 ",,
Missouri,2015,Burglary,560.0 ,"3,358.6 ","3,318.4 ",,
Missouri,2016,Burglary,520.4 ,"3,358.6 ","3,318.4 ",,
Missouri,2015,Larceny-theft,"2,020.2 ","3,358.6 ","3,318.4 ",,
Missouri,2016,Larceny-theft,"1,978.4 ","3,358.6 ","3,318.4 ",,
Missouri,2015,Motor vehicle theft,279.9 ,"3,358.6 ","3,318.4 ",,
Missouri,2016,Motor vehicle theft,300.3 ,"3,358.6 ","3,318.4 ",,
Nebraska,2015,Murder,3.3 ,"2,522.1 ","2,554.3 ",,
Nebraska,2016,Murder,2.6 ,"2,522.1 ","2,554.3 ",,
Nebraska,2015,Rape,46.7 ,"2,522.1 ","2,554.3 ",,
Nebraska,2016,Rape,52.1 ,"2,522.1 ","2,554.3 ",,
Nebraska,2015,Robbery,52.5 ,"2,522.1 ","2,554.3 ",,
Nebraska,2016,Robbery,49.6 ,"2,522.1 ","2,554.3 ",,
Nebraska,2015,Assault,170.3 ,"2,522.1 ","2,554.3 ",,
Nebraska,2016,Assault,186.7 ,"2,522.1 ","2,554.3 ",,
Nebraska,2015,Burglary,340.2 ,"2,522.1 ","2,554.3 ",,
Nebraska,2016,Burglary,337.9 ,"2,522.1 ","2,554.3 ",,
Nebraska,2015,Larceny-theft,"1,697.6 ","2,522.1 ","2,554.3 ",,
Nebraska,2016,Larceny-theft,"1,677.6 ","2,522.1 ","2,554.3 ",,
Nebraska,2015,Motor vehicle theft,211.5 ,"2,522.1 ","2,554.3 ",,
Nebraska,2016,Motor vehicle theft,247.8 ,"2,522.1 ","2,554.3 ",,
North Dakota,2015,Murder,2.8 ,"2,598.4 ","2,547.0 ",,
North Dakota,2016,Murder,2.0 ,"2,598.4 ","2,547.0 ",,
North Dakota,2015,Rape,51.7 ,"2,598.4 ","2,547.0 ",,
North Dakota,2016,Rape,45.1 ,"2,598.4 ","2,547.0 ",,
North Dakota,2015,Robbery,21.0 ,"2,598.4 ","2,547.0 ",,
North Dakota,2016,Robbery,23.9 ,"2,598.4 ","2,547.0 ",,
North Dakota,2015,Assault,182.1 ,"2,598.4 ","2,547.0 ",,
North Dakota,2016,Assault,180.1 ,"2,598.4 ","2,547.0 ",,
North Dakota,2015,Burglary,435.5 ,"2,598.4 ","2,547.0 ",,
North Dakota,2016,Burglary,427.9 ,"2,598.4 ","2,547.0 ",,
North Dakota,2015,Larceny-theft,"1,676.2 ","2,598.4 ","2,547.0 ",,
North Dakota,2016,Larceny-theft,"1,608.9 ","2,598.4 ","2,547.0 ",,
North Dakota,2015,Motor vehicle theft,229.1 ,"2,598.4 ","2,547.0 ",,
North Dakota,2016,Motor vehicle theft,259.1 ,"2,598.4 ","2,547.0 ",,
South Dakota,2015,Murder,3.8 ,"2,336.1 ","2,398.9 ",,
South Dakota,2016,Murder,3.1 ,"2,336.1 ","2,398.9 ",,
South Dakota,2015,Rape,58.3 ,"2,336.1 ","2,398.9 ",,
South Dakota,2016,Rape,58.8 ,"2,336.1 ","2,398.9 ",,
South Dakota,2015,Robbery,25.1 ,"2,336.1 ","2,398.9 ",,
South Dakota,2016,Robbery,31.4 ,"2,336.1 ","2,398.9 ",,
South Dakota,2015,Assault,297.7 ,"2,336.1 ","2,398.9 ",,
South Dakota,2016,Assault,325.0 ,"2,336.1 ","2,398.9 ",,
South Dakota,2015,Burglary,346.1 ,"2,336.1 ","2,398.9 ",,
South Dakota,2016,Burglary,346.6 ,"2,336.1 ","2,398.9 ",,
South Dakota,2015,Larceny-theft,"1,465.9 ","2,336.1 ","2,398.9 ",,
South Dakota,2016,Larceny-theft,"1,460.4 ","2,336.1 ","2,398.9 ",,
South Dakota,2015,Motor vehicle theft,139.2 ,"2,336.1 ","2,398.9 ",,
South Dakota,2016,Motor vehicle theft,173.6 ,"2,336.1 ","2,398.9 ",,
Delaware,2015,Murder,6.6 ,"3,209.9 ","3,274.8 ",,
Delaware,2016,Murder,5.9 ,"3,209.9 ","3,274.8 ",,
Delaware,2015,Rape,38.2 ,"3,209.9 ","3,274.8 ",,
Delaware,2016,Rape,32.4 ,"3,209.9 ","3,274.8 ",,
Delaware,2015,Robbery,131.3 ,"3,209.9 ","3,274.8 ",,
Delaware,2016,Robbery,142.7 ,"3,209.9 ","3,274.8 ",,
Delaware,2015,Assault,328.0 ,"3,209.9 ","3,274.8 ",,
Delaware,2016,Assault,327.8 ,"3,209.9 ","3,274.8 ",,
Delaware,2015,Burglary,508.1 ,"3,209.9 ","3,274.8 ",,
Delaware,2016,Burglary,527.6 ,"3,209.9 ","3,274.8 ",,
Delaware,2015,Larceny-theft,"2,071.3 ","3,209.9 ","3,274.8 ",,
Delaware,2016,Larceny-theft,"2,078.7 ","3,209.9 ","3,274.8 ",,
Delaware,2015,Motor vehicle theft,126.4 ,"3,209.9 ","3,274.8 ",,
Delaware,2016,Motor vehicle theft,159.7 ,"3,209.9 ","3,274.8 ",,
Florida,2015,Murder,5.1 ,"3,279.2 ","3,117.2 ",,
Florida,2016,Murder,5.4 ,"3,279.2 ","3,117.2 ",,
Florida,2015,Rape,37.3 ,"3,279.2 ","3,117.2 ",,
Florida,2016,Rape,36.9 ,"3,279.2 ","3,117.2 ",,
Florida,2015,Robbery,104.4 ,"3,279.2 ","3,117.2 ",,
Florida,2016,Robbery,97.9 ,"3,279.2 ","3,117.2 ",,
Florida,2015,Assault,315.6 ,"3,279.2 ","3,117.2 ",,
Florida,2016,Assault,290.2 ,"3,279.2 ","3,117.2 ",,
Florida,2015,Burglary,539.7 ,"3,279.2 ","3,117.2 ",,
Florida,2016,Burglary,486.7 ,"3,279.2 ","3,117.2 ",,
Florida,2015,Larceny-theft,"2,076.3 ","3,279.2 ","3,117.2 ",,
Florida,2016,Larceny-theft,"1,990.8 ","3,279.2 ","3,117.2 ",,
Florida,2015,Motor vehicle theft,200.8 ,"3,279.2 ","3,117.2 ",,
Florida,2016,Motor vehicle theft,209.3 ,"3,279.2 ","3,117.2 ",,
Georgia,2015,Murder,6.1 ,"3,479.7 ","3,401.9 ",,
Georgia,2016,Murder,6.6 ,"3,479.7 ","3,401.9 ",,
Georgia,2015,Rape,31.9 ,"3,479.7 ","3,401.9 ",,
Georgia,2016,Rape,34.0 ,"3,479.7 ","3,401.9 ",,
Georgia,2015,Robbery,123.0 ,"3,479.7 ","3,401.9 ",,
Georgia,2016,Robbery,118.4 ,"3,479.7 ","3,401.9 ",,
Georgia,2015,Assault,220.3 ,"3,479.7 ","3,401.9 ",,
Georgia,2016,Assault,238.5 ,"3,479.7 ","3,401.9 ",,
Georgia,2015,Burglary,668.2 ,"3,479.7 ","3,401.9 ",,
Georgia,2016,Burglary,614.4 ,"3,479.7 ","3,401.9 ",,
Georgia,2015,Larceny-theft,"2,164.0 ","3,479.7 ","3,401.9 ",,
Georgia,2016,Larceny-theft,"2,130.1 ","3,479.7 ","3,401.9 ",,
Georgia,2015,Motor vehicle theft,266.2 ,"3,479.7 ","3,401.9 ",,
Georgia,2016,Motor vehicle theft,259.9 ,"3,479.7 ","3,401.9 ",,
Maryland,2015,Murder,9.0 ,"2,848.0 ","2,756.5 ",,
Maryland,2016,Murder,8.0 ,"2,848.0 ","2,756.5 ",,
Maryland,2015,Rape,28.6 ,"2,848.0 ","2,756.5 ",,
Maryland,2016,Rape,29.2 ,"2,848.0 ","2,756.5 ",,
Maryland,2015,Robbery,168.7 ,"2,848.0 ","2,756.5 ",,
Maryland,2016,Robbery,171.0 ,"2,848.0 ","2,756.5 ",,
Maryland,2015,Assault,263.9 ,"2,848.0 ","2,756.5 ",,
Maryland,2016,Assault,263.8 ,"2,848.0 ","2,756.5 ",,
Maryland,2015,Burglary,440.9 ,"2,848.0 ","2,756.5 ",,
Maryland,2016,Burglary,410.4 ,"2,848.0 ","2,756.5 ",,
Maryland,2015,Larceny-theft,"1,713.1 ","2,848.0 ","2,756.5 ",,
Maryland,2016,Larceny-theft,"1,677.4 ","2,848.0 ","2,756.5 ",,
Maryland,2015,Motor vehicle theft,223.8 ,"2,848.0 ","2,756.5 ",,
Maryland,2016,Motor vehicle theft,196.7 ,"2,848.0 ","2,756.5 ",,
North Carolina,2015,Murder,5.2 ,"3,095.7 ","3,109.7 ",,
North Carolina,2016,Murder,6.7 ,"3,095.7 ","3,109.7 ",,
North Carolina,2015,Rape,25.8 ,"3,095.7 ","3,109.7 ",,
North Carolina,2016,Rape,28.1 ,"3,095.7 ","3,109.7 ",,
North Carolina,2015,Robbery,87.9 ,"3,095.7 ","3,109.7 ",,
North Carolina,2016,Robbery,92.0 ,"3,095.7 ","3,109.7 ",,
North Carolina,2015,Assault,227.3 ,"3,095.7 ","3,109.7 ",,
North Carolina,2016,Assault,245.5 ,"3,095.7 ","3,109.7 ",,
North Carolina,2015,Burglary,745.0 ,"3,095.7 ","3,109.7 ",,
North Carolina,2016,Burglary,710.4 ,"3,095.7 ","3,109.7 ",,
North Carolina,2015,Larceny-theft,"1,870.7 ","3,095.7 ","3,109.7 ",,
North Carolina,2016,Larceny-theft,"1,876.2 ","3,095.7 ","3,109.7 ",,
North Carolina,2015,Motor vehicle theft,133.8 ,"3,095.7 ","3,109.7 ",,
North Carolina,2016,Motor vehicle theft,150.8 ,"3,095.7 ","3,109.7 ",,
South Carolina,2015,Murder,8.3 ,"3,826.0 ","3,745.6 ",,
South Carolina,2016,Murder,7.4 ,"3,826.0 ","3,745.6 ",,
South Carolina,2015,Rape,49.8 ,"3,826.0 ","3,745.6 ",,
South Carolina,2016,Rape,48.1 ,"3,826.0 ","3,745.6 ",,
South Carolina,2015,Robbery,80.7 ,"3,826.0 ","3,745.6 ",,
South Carolina,2016,Robbery,81.3 ,"3,826.0 ","3,745.6 ",,
South Carolina,2015,Assault,360.6 ,"3,826.0 ","3,745.6 ",,
South Carolina,2016,Assault,365.0 ,"3,826.0 ","3,745.6 ",,
South Carolina,2015,Burglary,713.9 ,"3,826.0 ","3,745.6 ",,
South Carolina,2016,Burglary,664.7 ,"3,826.0 ","3,745.6 ",,
South Carolina,2015,Larceny-theft,"2,344.9 ","3,826.0 ","3,745.6 ",,
South Carolina,2016,Larceny-theft,"2,298.5 ","3,826.0 ","3,745.6 ",,
South Carolina,2015,Motor vehicle theft,267.8 ,"3,826.0 ","3,745.6 ",,
South Carolina,2016,Motor vehicle theft,280.6 ,"3,826.0 ","3,745.6 ",,
Virginia,2015,Murder,4.7 ,"2,085.6 ","2,077.1 ",,
Virginia,2016,Murder,5.8 ,"2,085.6 ","2,077.1 ",,
Virginia,2015,Rape,29.9 ,"2,085.6 ","2,077.1 ",,
Virginia,2016,Rape,32.5 ,"2,085.6 ","2,077.1 ",,
Virginia,2015,Robbery,53.3 ,"2,085.6 ","2,077.1 ",,
Virginia,2016,Robbery,57.1 ,"2,085.6 ","2,077.1 ",,
Virginia,2015,Assault,111.8 ,"2,085.6 ","2,077.1 ",,
Virginia,2016,Assault,122.2 ,"2,085.6 ","2,077.1 ",,
Virginia,2015,Burglary,257.4 ,"2,085.6 ","2,077.1 ",,
Virginia,2016,Burglary,238.0 ,"2,085.6 ","2,077.1 ",,
Virginia,2015,Larceny-theft,"1,530.5 ","2,085.6 ","2,077.1 ",,
Virginia,2016,Larceny-theft,"1,505.1 ","2,085.6 ","2,077.1 ",,
Virginia,2015,Motor vehicle theft,98.0 ,"2,085.6 ","2,077.1 ",,
Virginia,2016,Motor vehicle theft,116.4 ,"2,085.6 ","2,077.1 ",,
West Virginia,2015,Murder,4.6 ,"2,449.2 ","2,405.3 ",,
West Virginia,2016,Murder,4.4 ,"2,449.2 ","2,405.3 ",,
West Virginia,2015,Rape,38.6 ,"2,449.2 ","2,405.3 ",,
West Virginia,2016,Rape,35.9 ,"2,449.2 ","2,405.3 ",,
West Virginia,2015,Robbery,42.5 ,"2,449.2 ","2,405.3 ",,
West Virginia,2016,Robbery,39.3 ,"2,449.2 ","2,405.3 ",,
West Virginia,2015,Assault,261.8 ,"2,449.2 ","2,405.3 ",,
West Virginia,2016,Assault,278.5 ,"2,449.2 ","2,405.3 ",,
West Virginia,2015,Burglary,514.2 ,"2,449.2 ","2,405.3 ",,
West Virginia,2016,Burglary,507.9 ,"2,449.2 ","2,405.3 ",,
West Virginia,2015,Larceny-theft,"1,465.7 ","2,449.2 ","2,405.3 ",,
West Virginia,2016,Larceny-theft,"1,402.3 ","2,449.2 ","2,405.3 ",,
West Virginia,2015,Motor vehicle theft,121.8 ,"2,449.2 ","2,405.3 ",,
West Virginia,2016,Motor vehicle theft,137.0 ,"2,449.2 ","2,405.3 ",,
Alabama,2015,Murder,7.2 ,"3,455.9 ","3,480.3 ",,
Alabama,2016,Murder,8.4 ,"3,455.9 ","3,480.3 ",,
Alabama,2015,Rape,42.0 ,"3,455.9 ","3,480.3 ",,
Alabama,2016,Rape,39.4 ,"3,455.9 ","3,480.3 ",,
Alabama,2015,Robbery,95.0 ,"3,455.9 ","3,480.3 ",,
Alabama,2016,Robbery,96.4 ,"3,455.9 ","3,480.3 ",,
Alabama,2015,Assault,328.8 ,"3,455.9 ","3,480.3 ",,
Alabama,2016,Assault,388.2 ,"3,455.9 ","3,480.3 ",,
Alabama,2015,Burglary,726.5 ,"3,455.9 ","3,480.3 ",,
Alabama,2016,Burglary,700.5 ,"3,455.9 ","3,480.3 ",,
Alabama,2015,Larceny-theft,"2,043.4 ","3,455.9 ","3,480.3 ",,
Alabama,2016,Larceny-theft,"2,006.3 ","3,455.9 ","3,480.3 ",,
Alabama,2015,Motor vehicle theft,213.0 ,"3,455.9 ","3,480.3 ",,
Alabama,2016,Motor vehicle theft,241.1 ,"3,455.9 ","3,480.3 ",,
Kentucky,2015,Murder,4.9 ,"2,428.1 ","2,422.1 ",,
Kentucky,2016,Murder,5.9 ,"2,428.1 ","2,422.1 ",,
Kentucky,2015,Rape,37.2 ,"2,428.1 ","2,422.1 ",,
Kentucky,2016,Rape,37.0 ,"2,428.1 ","2,422.1 ",,
Kentucky,2015,Robbery,74.9 ,"2,428.1 ","2,422.1 ",,
Kentucky,2016,Robbery,75.9 ,"2,428.1 ","2,422.1 ",,
Kentucky,2015,Assault,106.5 ,"2,428.1 ","2,422.1 ",,
Kentucky,2016,Assault,113.5 ,"2,428.1 ","2,422.1 ",,
Kentucky,2015,Burglary,509.1 ,"2,428.1 ","2,422.1 ",,
Kentucky,2016,Burglary,469.6 ,"2,428.1 ","2,422.1 ",,
Kentucky,2015,Larceny-theft,"1,517.5 ","2,428.1 ","2,422.1 ",,
Kentucky,2016,Larceny-theft,"1,497.4 ","2,428.1 ","2,422.1 ",,
Kentucky,2015,Motor vehicle theft,178.0 ,"2,428.1 ","2,422.1 ",,
Kentucky,2016,Motor vehicle theft,222.8 ,"2,428.1 ","2,422.1 ",,
Mississippi,2015,Murder,8.5 ,"3,143.6 ","3,048.7 ",,
Mississippi,2016,Murder,8.0 ,"3,143.6 ","3,048.7 ",,
Mississippi,2015,Rape,38.7 ,"3,143.6 ","3,048.7 ",,
Mississippi,2016,Rape,42.7 ,"3,143.6 ","3,048.7 ",,
Mississippi,2015,Robbery,77.3 ,"3,143.6 ","3,048.7 ",,
Mississippi,2016,Robbery,80.2 ,"3,143.6 ","3,048.7 ",,
Mississippi,2015,Assault,149.4 ,"3,143.6 ","3,048.7 ",,
Mississippi,2016,Assault,149.6 ,"3,143.6 ","3,048.7 ",,
Mississippi,2015,Burglary,838.6 ,"3,143.6 ","3,048.7 ",,
Mississippi,2016,Burglary,781.4 ,"3,143.6 ","3,048.7 ",,
Mississippi,2015,Larceny-theft,"1,888.2 ","3,143.6 ","3,048.7 ",,
Mississippi,2016,Larceny-theft,"1,842.1 ","3,143.6 ","3,048.7 ",,
Mississippi,2015,Motor vehicle theft,142.9 ,"3,143.6 ","3,048.7 ",,
Mississippi,2016,Motor vehicle theft,144.7 ,"3,143.6 ","3,048.7 ",,
Tennessee,2015,Murder,6.3 ,"3,591.5 ","3,487.0 ",,
Tennessee,2016,Murder,7.3 ,"3,591.5 ","3,487.0 ",,
Tennessee,2015,Rape,42.5 ,"3,591.5 ","3,487.0 ",,
Tennessee,2016,Rape,40.8 ,"3,591.5 ","3,487.0 ",,
Tennessee,2015,Robbery,113.7 ,"3,591.5 ","3,487.0 ",,
Tennessee,2016,Robbery,117.5 ,"3,591.5 ","3,487.0 ",,
Tennessee,2015,Assault,456.4 ,"3,591.5 ","3,487.0 ",,
Tennessee,2016,Assault,467.3 ,"3,591.5 ","3,487.0 ",,
Tennessee,2015,Burglary,663.4 ,"3,591.5 ","3,487.0 ",,
Tennessee,2016,Burglary,606.1 ,"3,591.5 ","3,487.0 ",,
Tennessee,2015,Larceny-theft,"2,111.6 ","3,591.5 ","3,487.0 ",,
Tennessee,2016,Larceny-theft,"2,020.7 ","3,591.5 ","3,487.0 ",,
Tennessee,2015,Motor vehicle theft,197.6 ,"3,591.5 ","3,487.0 ",,
Tennessee,2016,Motor vehicle theft,227.3 ,"3,591.5 ","3,487.0 ",,
Arkansas,2015,Murder,6.3 ,"3,800.0 ","3,819.3 ",,
Arkansas,2016,Murder,7.2 ,"3,800.0 ","3,819.3 ",,
Arkansas,2015,Rape,67.4 ,"3,800.0 ","3,819.3 ",,
Arkansas,2016,Rape,71.7 ,"3,800.0 ","3,819.3 ",,
Arkansas,2015,Robbery,71.1 ,"3,800.0 ","3,819.3 ",,
Arkansas,2016,Robbery,70.9 ,"3,800.0 ","3,819.3 ",,
Arkansas,2015,Assault,384.7 ,"3,800.0 ","3,819.3 ",,
Arkansas,2016,Assault,401.0 ,"3,800.0 ","3,819.3 ",,
Arkansas,2015,Burglary,767.4 ,"3,800.0 ","3,819.3 ",,
Arkansas,2016,Burglary,795.5 ,"3,800.0 ","3,819.3 ",,
Arkansas,2015,Larceny-theft,"2,307.7 ","3,800.0 ","3,819.3 ",,
Arkansas,2016,Larceny-theft,"2,233.6 ","3,800.0 ","3,819.3 ",,
Arkansas,2015,Motor vehicle theft,195.4 ,"3,800.0 ","3,819.3 ",,
Arkansas,2016,Motor vehicle theft,239.4 ,"3,800.0 ","3,819.3 ",,
Louisiana,2015,Murder,10.5 ,"3,917.5 ","3,863.7 ",,
Louisiana,2016,Murder,11.8 ,"3,917.5 ","3,863.7 ",,
Louisiana,2015,Rape,37.1 ,"3,917.5 ","3,863.7 ",,
Louisiana,2016,Rape,38.8 ,"3,917.5 ","3,863.7 ",,
Louisiana,2015,Robbery,119.1 ,"3,917.5 ","3,863.7 ",,
Louisiana,2016,Robbery,119.1 ,"3,917.5 ","3,863.7 ",,
Louisiana,2015,Assault,373.0 ,"3,917.5 ","3,863.7 ",,
Louisiana,2016,Assault,396.4 ,"3,917.5 ","3,863.7 ",,
Louisiana,2015,Burglary,759.4 ,"3,917.5 ","3,863.7 ",,
Louisiana,2016,Burglary,740.5 ,"3,917.5 ","3,863.7 ",,
Louisiana,2015,Larceny-theft,"2,410.0 ","3,917.5 ","3,863.7 ",,
Louisiana,2016,Larceny-theft,"2,336.3 ","3,917.5 ","3,863.7 ",,
Louisiana,2015,Motor vehicle theft,208.4 ,"3,917.5 ","3,863.7 ",,
Louisiana,2016,Motor vehicle theft,220.8 ,"3,917.5 ","3,863.7 ",,
Oklahoma,2015,Murder,6.1 ,"3,347.4 ","3,432.7 ",,
Oklahoma,2016,Murder,6.2 ,"3,347.4 ","3,432.7 ",,
Oklahoma,2015,Rape,50.0 ,"3,347.4 ","3,432.7 ",,
Oklahoma,2016,Rape,52.0 ,"3,347.4 ","3,432.7 ",,
Oklahoma,2015,Robbery,77.2 ,"3,347.4 ","3,432.7 ",,
Oklahoma,2016,Robbery,80.6 ,"3,347.4 ","3,432.7 ",,
Oklahoma,2015,Assault,295.2 ,"3,347.4 ","3,432.7 ",,
Oklahoma,2016,Assault,311.0 ,"3,347.4 ","3,432.7 ",,
Oklahoma,2015,Burglary,736.6 ,"3,347.4 ","3,432.7 ",,
Oklahoma,2016,Burglary,741.7 ,"3,347.4 ","3,432.7 ",,
Oklahoma,2015,Larceny-theft,"1,911.2 ","3,347.4 ","3,432.7 ",,
Oklahoma,2016,Larceny-theft,"1,931.4 ","3,347.4 ","3,432.7 ",,
Oklahoma,2015,Motor vehicle theft,271.1 ,"3,347.4 ","3,432.7 ",,
Oklahoma,2016,Motor vehicle theft,309.8 ,"3,347.4 ","3,432.7 ",,
Texas,2015,Murder,4.8 ,"3,253.5 ","3,194.2 ",,
Texas,2016,Murder,5.3 ,"3,253.5 ","3,194.2 ",,
Texas,2015,Rape,44.9 ,"3,253.5 ","3,194.2 ",,
Texas,2016,Rape,48.0 ,"3,253.5 ","3,194.2 ",,
Texas,2015,Robbery,116.4 ,"3,253.5 ","3,194.2 ",,
Texas,2016,Robbery,119.6 ,"3,253.5 ","3,194.2 ",,
Texas,2015,Assault,246.6 ,"3,253.5 ","3,194.2 ",,
Texas,2016,Assault,261.6 ,"3,253.5 ","3,194.2 ",,
Texas,2015,Burglary,558.0 ,"3,253.5 ","3,194.2 ",,
Texas,2016,Burglary,533.8 ,"3,253.5 ","3,194.2 ",,
Texas,2015,Larceny-theft,"2,036.7 ","3,253.5 ","3,194.2 ",,
Texas,2016,Larceny-theft,"1,978.1 ","3,253.5 ","3,194.2 ",,
Texas,2015,Motor vehicle theft,246.1 ,"3,253.5 ","3,194.2 ",,
Texas,2016,Motor vehicle theft,247.8 ,"3,253.5 ","3,194.2 ",,
Arizona,2015,Murder,4.5 ,"3,449.2 ","3,448.5 ",,
Arizona,2016,Murder,5.5 ,"3,449.2 ","3,448.5 ",,
Arizona,2015,Rape,45.6 ,"3,449.2 ","3,448.5 ",,
Arizona,2016,Rape,47.5 ,"3,449.2 ","3,448.5 ",,
Arizona,2015,Robbery,93.3 ,"3,449.2 ","3,448.5 ",,
Arizona,2016,Robbery,101.8 ,"3,449.2 ","3,448.5 ",,
Arizona,2015,Assault,266.9 ,"3,449.2 ","3,448.5 ",,
Arizona,2016,Assault,315.4 ,"3,449.2 ","3,448.5 ",,
Arizona,2015,Burglary,557.5 ,"3,449.2 ","3,448.5 ",,
Arizona,2016,Burglary,544.4 ,"3,449.2 ","3,448.5 ",,
Arizona,2015,Larceny-theft,"2,235.2 ","3,449.2 ","3,448.5 ",,
Arizona,2016,Larceny-theft,"2,168.1 ","3,449.2 ","3,448.5 ",,
Arizona,2015,Motor vehicle theft,246.2 ,"3,449.2 ","3,448.5 ",,
Arizona,2016,Motor vehicle theft,265.8 ,"3,449.2 ","3,448.5 ",,
Colorado,2015,Murder,3.2 ,"2,961.9 ","3,083.4 ",,
Colorado,2016,Murder,3.7 ,"2,961.9 ","3,083.4 ",,
Colorado,2015,Rape,61.1 ,"2,961.9 ","3,083.4 ",,
Colorado,2016,Rape,64.2 ,"2,961.9 ","3,083.4 ",,
Colorado,2015,Robbery,60.8 ,"2,961.9 ","3,083.4 ",,
Colorado,2016,Robbery,63.7 ,"2,961.9 ","3,083.4 ",,
Colorado,2015,Assault,193.3 ,"2,961.9 ","3,083.4 ",,
Colorado,2016,Assault,211.1 ,"2,961.9 ","3,083.4 ",,
Colorado,2015,Burglary,431.1 ,"2,961.9 ","3,083.4 ",,
Colorado,2016,Burglary,431.4 ,"2,961.9 ","3,083.4 ",,
Colorado,2015,Larceny-theft,"1,918.4 ","2,961.9 ","3,083.4 ",,
Colorado,2016,Larceny-theft,"1,955.3 ","2,961.9 ","3,083.4 ",,
Colorado,2015,Motor vehicle theft,294.0 ,"2,961.9 ","3,083.4 ",,
Colorado,2016,Motor vehicle theft,354.0 ,"2,961.9 ","3,083.4 ",,
Idaho,2015,Murder,1.9 ,"1,966.7 ","1,974.5 ",,
Idaho,2016,Murder,2.9 ,"1,966.7 ","1,974.5 ",,
Idaho,2015,Rape,42.5 ,"1,966.7 ","1,974.5 ",,
Idaho,2016,Rape,42.7 ,"1,966.7 ","1,974.5 ",,
Idaho,2015,Robbery,11.6 ,"1,966.7 ","1,974.5 ",,
Idaho,2016,Robbery,12.7 ,"1,966.7 ","1,974.5 ",,
Idaho,2015,Assault,161.4 ,"1,966.7 ","1,974.5 ",,
Idaho,2016,Assault,172.0 ,"1,966.7 ","1,974.5 ",,
Idaho,2015,Burglary,370.5 ,"1,966.7 ","1,974.5 ",,
Idaho,2016,Burglary,375.4 ,"1,966.7 ","1,974.5 ",,
Idaho,2015,Larceny-theft,"1,265.5 ","1,966.7 ","1,974.5 ",,
Idaho,2016,Larceny-theft,"1,245.4 ","1,966.7 ","1,974.5 ",,
Idaho,2015,Motor vehicle theft,113.3 ,"1,966.7 ","1,974.5 ",,
Idaho,2016,Motor vehicle theft,123.4 ,"1,966.7 ","1,974.5 ",,
Montana,2015,Murder,3.7 ,"2,996.1 ","3,051.8 ",,
Montana,2016,Murder,3.5 ,"2,996.1 ","3,051.8 ",,
Montana,2015,Rape,55.4 ,"2,996.1 ","3,051.8 ",,
Montana,2016,Rape,55.4 ,"2,996.1 ","3,051.8 ",,
Montana,2015,Robbery,20.3 ,"2,996.1 ","3,051.8 ",,
Montana,2016,Robbery,25.5 ,"2,996.1 ","3,051.8 ",,
Montana,2015,Assault,273.9 ,"2,996.1 ","3,051.8 ",,
Montana,2016,Assault,283.9 ,"2,996.1 ","3,051.8 ",,
Montana,2015,Burglary,376.6 ,"2,996.1 ","3,051.8 ",,
Montana,2016,Burglary,377.4 ,"2,996.1 ","3,051.8 ",,
Montana,2015,Larceny-theft,"2,031.4 ","2,996.1 ","3,051.8 ",,
Montana,2016,Larceny-theft,"2,043.0 ","2,996.1 ","3,051.8 ",,
Montana,2015,Motor vehicle theft,234.8 ,"2,996.1 ","3,051.8 ",,
Montana,2016,Motor vehicle theft,263.1 ,"2,996.1 ","3,051.8 ",,
Nevada,2015,Murder,6.2 ,"3,372.5 ","3,264.5 ",,
Nevada,2016,Murder,7.6 ,"3,372.5 ","3,264.5 ",,
Nevada,2015,Rape,58.5 ,"3,372.5 ","3,264.5 ",,
Nevada,2016,Rape,58.9 ,"3,372.5 ","3,264.5 ",,
Nevada,2015,Robbery,218.0 ,"3,372.5 ","3,264.5 ",,
Nevada,2016,Robbery,215.6 ,"3,372.5 ","3,264.5 ",,
Nevada,2015,Assault,414.9 ,"3,372.5 ","3,264.5 ",,
Nevada,2016,Assault,395.9 ,"3,372.5 ","3,264.5 ",,
Nevada,2015,Burglary,775.4 ,"3,372.5 ","3,264.5 ",,
Nevada,2016,Burglary,641.1 ,"3,372.5 ","3,264.5 ",,
Nevada,2015,Larceny-theft,"1,505.9 ","3,372.5 ","3,264.5 ",,
Nevada,2016,Larceny-theft,"1,497.1 ","3,372.5 ","3,264.5 ",,
Nevada,2015,Motor vehicle theft,393.6 ,"3,372.5 ","3,264.5 ",,
Nevada,2016,Motor vehicle theft,448.3 ,"3,372.5 ","3,264.5 ",,
New Mexico,2015,Murder,5.6 ,"4,368.8 ","4,639.6 ",,
New Mexico,2016,Murder,6.7 ,"4,368.8 ","4,639.6 ",,
New Mexico,2015,Rape,79.9 ,"4,368.8 ","4,639.6 ",,
New Mexico,2016,Rape,73.3 ,"4,368.8 ","4,639.6 ",,
New Mexico,2015,Robbery,119.5 ,"4,368.8 ","4,639.6 ",,
New Mexico,2016,Robbery,131.5 ,"4,368.8 ","4,639.6 ",,
New Mexico,2015,Assault,452.2 ,"4,368.8 ","4,639.6 ",,
New Mexico,2016,Assault,491.0 ,"4,368.8 ","4,639.6 ",,
New Mexico,2015,Burglary,821.2 ,"4,368.8 ","4,639.6 ",,
New Mexico,2016,Burglary,830.4 ,"4,368.8 ","4,639.6 ",,
New Mexico,2015,Larceny-theft,"2,474.9 ","4,368.8 ","4,639.6 ",,
New Mexico,2016,Larceny-theft,"2,542.4 ","4,368.8 ","4,639.6 ",,
New Mexico,2015,Motor vehicle theft,415.5 ,"4,368.8 ","4,639.6 ",,
New Mexico,2016,Motor vehicle theft,564.3 ,"4,368.8 ","4,639.6 ",,
Utah,2015,Murder,1.9 ,"3,241.3 ","3,194.4 ",,
Utah,2016,Murder,2.4 ,"3,241.3 ","3,194.4 ",,
Utah,2015,Rape,57.0 ,"3,241.3 ","3,194.4 ",,
Utah,2016,Rape,49.8 ,"3,241.3 ","3,194.4 ",,
Utah,2015,Robbery,44.4 ,"3,241.3 ","3,194.4 ",,
Utah,2016,Robbery,50.5 ,"3,241.3 ","3,194.4 ",,
Utah,2015,Assault,135.4 ,"3,241.3 ","3,194.4 ",,
Utah,2016,Assault,140.1 ,"3,241.3 ","3,194.4 ",,
Utah,2015,Burglary,421.5 ,"3,241.3 ","3,194.4 ",,
Utah,2016,Burglary,420.7 ,"3,241.3 ","3,194.4 ",,
Utah,2015,Larceny-theft,"2,289.3 ","3,241.3 ","3,194.4 ",,
Utah,2016,Larceny-theft,"2,223.2 ","3,241.3 ","3,194.4 ",,
Utah,2015,Motor vehicle theft,291.8 ,"3,241.3 ","3,194.4 ",,
Utah,2016,Motor vehicle theft,307.7 ,"3,241.3 ","3,194.4 ",,
Wyoming,2015,Murder,2.7 ,"2,122.8 ","2,201.5 ",,
Wyoming,2016,Murder,3.4 ,"2,122.8 ","2,201.5 ",,
Wyoming,2015,Rape,29.2 ,"2,122.8 ","2,201.5 ",,
Wyoming,2016,Rape,35.0 ,"2,122.8 ","2,201.5 ",,
Wyoming,2015,Robbery,10.1 ,"2,122.8 ","2,201.5 ",,
Wyoming,2016,Robbery,10.1 ,"2,122.8 ","2,201.5 ",,
Wyoming,2015,Assault,179.7 ,"2,122.8 ","2,201.5 ",,
Wyoming,2016,Assault,195.7 ,"2,122.8 ","2,201.5 ",,
Wyoming,2015,Burglary,300.4 ,"2,122.8 ","2,201.5 ",,
Wyoming,2016,Burglary,302.5 ,"2,122.8 ","2,201.5 ",,
Wyoming,2015,Larceny-theft,"1,499.8 ","2,122.8 ","2,201.5 ",,
Wyoming,2016,Larceny-theft,"1,518.2 ","2,122.8 ","2,201.5 ",,
Wyoming,2015,Motor vehicle theft,100.9 ,"2,122.8 ","2,201.5 ",,
Wyoming,2016,Motor vehicle theft,136.6 ,"2,122.8 ","2,201.5 ",,
Alaska,2015,Murder,8.0 ,"3,551.1 ","4,157.2 ",,
Alaska,2016,Murder,7.0 ,"3,551.1 ","4,157.2 ",,
Alaska,2015,Rape,122.0 ,"3,551.1 ","4,157.2 ",,
Alaska,2016,Rape,141.9 ,"3,551.1 ","4,157.2 ",,
Alaska,2015,Robbery,103.2 ,"3,551.1 ","4,157.2 ",,
Alaska,2016,Robbery,114.6 ,"3,551.1 ","4,157.2 ",,
Alaska,2015,Assault,497.6 ,"3,551.1 ","4,157.2 ",,
Alaska,2016,Assault,540.6 ,"3,551.1 ","4,157.2 ",,
Alaska,2015,Burglary,475.9 ,"3,551.1 ","4,157.2 ",,
Alaska,2016,Burglary,546.3 ,"3,551.1 ","4,157.2 ",,
Alaska,2015,Larceny-theft,"2,067.1 ","3,551.1 ","4,157.2 ",,
Alaska,2016,Larceny-theft,"2,394.7 ","3,551.1 ","4,157.2 ",,
Alaska,2015,Motor vehicle theft,277.3 ,"3,551.1 ","4,157.2 ",,
Alaska,2016,Motor vehicle theft,412.1 ,"3,551.1 ","4,157.2 ",,
California,2015,Murder,4.8 ,"3,056.4 ","2,998.4 ",,
California,2016,Murder,4.9 ,"3,056.4 ","2,998.4 ",,
California,2015,Rape,32.9 ,"3,056.4 ","2,998.4 ",,
California,2016,Rape,34.9 ,"3,056.4 ","2,998.4 ",,
California,2015,Robbery,135.6 ,"3,056.4 ","2,998.4 ",,
California,2016,Robbery,139.6 ,"3,056.4 ","2,998.4 ",,
California,2015,Assault,254.8 ,"3,056.4 ","2,998.4 ",,
California,2016,Assault,265.9 ,"3,056.4 ","2,998.4 ",,
California,2015,Burglary,506.2 ,"3,056.4 ","2,998.4 ",,
California,2016,Burglary,479.8 ,"3,056.4 ","2,998.4 ",,
California,2015,Larceny-theft,"1,683.6 ","3,056.4 ","2,998.4 ",,
California,2016,Larceny-theft,"1,623.0 ","3,056.4 ","2,998.4 ",,
California,2015,Motor vehicle theft,438.5 ,"3,056.4 ","2,998.4 ",,
California,2016,Motor vehicle theft,450.3 ,"3,056.4 ","2,998.4 ",,
Hawaii,2015,Murder,2.0 ,"3,432.5 ","3,302.0 ",,
Hawaii,2016,Murder,2.5 ,"3,432.5 ","3,302.0 ",,
Hawaii,2015,Rape,37.8 ,"3,432.5 ","3,302.0 ",,
Hawaii,2016,Rape,43.3 ,"3,432.5 ","3,302.0 ",,
Hawaii,2015,Robbery,76.1 ,"3,432.5 ","3,302.0 ",,
Hawaii,2016,Robbery,69.6 ,"3,432.5 ","3,302.0 ",,
Hawaii,2015,Assault,131.8 ,"3,432.5 ","3,302.0 ",,
Hawaii,2016,Assault,193.8 ,"3,432.5 ","3,302.0 ",,
Hawaii,2015,Burglary,477.8 ,"3,432.5 ","3,302.0 ",,
Hawaii,2016,Burglary,421.2 ,"3,432.5 ","3,302.0 ",,
Hawaii,2015,Larceny-theft,"2,325.4 ","3,432.5 ","3,302.0 ",,
Hawaii,2016,Larceny-theft,"2,175.8 ","3,432.5 ","3,302.0 ",,
Hawaii,2015,Motor vehicle theft,381.6 ,"3,432.5 ","3,302.0 ",,
Hawaii,2016,Motor vehicle theft,395.8 ,"3,432.5 ","3,302.0 ",,
Oregon,2015,Murder,2.7 ,"3,240.8 ","3,228.8 ",,
Oregon,2016,Murder,2.8 ,"3,240.8 ","3,228.8 ",,
Oregon,2015,Rape,41.0 ,"3,240.8 ","3,228.8 ",,
Oregon,2016,Rape,42.0 ,"3,240.8 ","3,228.8 ",,
Oregon,2015,Robbery,53.7 ,"3,240.8 ","3,228.8 ",,
Oregon,2016,Robbery,55.6 ,"3,240.8 ","3,228.8 ",,
Oregon,2015,Assault,167.9 ,"3,240.8 ","3,228.8 ",,
Oregon,2016,Assault,164.1 ,"3,240.8 ","3,228.8 ",,
Oregon,2015,Burglary,460.7 ,"3,240.8 ","3,228.8 ",,
Oregon,2016,Burglary,412.0 ,"3,240.8 ","3,228.8 ",,
Oregon,2015,Larceny-theft,"2,249.0 ","3,240.8 ","3,228.8 ",,
Oregon,2016,Larceny-theft,"2,230.0 ","3,240.8 ","3,228.8 ",,
Oregon,2015,Motor vehicle theft,265.8 ,"3,240.8 ","3,228.8 ",,
Oregon,2016,Motor vehicle theft,322.3 ,"3,240.8 ","3,228.8 ",,
Washington,2015,Murder,3.0 ,"3,770.5 ","3,796.2 ",,
Washington,2016,Murder,2.7 ,"3,770.5 ","3,796.2 ",,
Washington,2015,Rape,38.8 ,"3,770.5 ","3,796.2 ",,
Washington,2016,Rape,42.2 ,"3,770.5 ","3,796.2 ",,
Washington,2015,Robbery,76.1 ,"3,770.5 ","3,796.2 ",,
Washington,2016,Robbery,77.5 ,"3,770.5 ","3,796.2 ",,
Washington,2015,Assault,168.4 ,"3,770.5 ","3,796.2 ",,
Washington,2016,Assault,179.7 ,"3,770.5 ","3,796.2 ",,
Washington,2015,Burglary,713.9 ,"3,770.5 ","3,796.2 ",,
Washington,2016,Burglary,674.8 ,"3,770.5 ","3,796.2 ",,
Washington,2015,Larceny-theft,"2,393.7 ","3,770.5 ","3,796.2 ",,
Washington,2016,Larceny-theft,"2,376.3 ","3,770.5 ","3,796.2 ",,
Washington,2015,Motor vehicle theft,376.6 ,"3,770.5 ","3,796.2 ",,
Washington,2016,Motor vehicle theft,443.0 ,"3,770.5 ","3,796.2 ",,
Puerto Rico,2015,Murder,16.8 ,"1,305.6 ","1,256.0 ",,
Puerto Rico,2016,Murder,19.9 ,"1,305.6 ","1,256.0 ",,
Puerto Rico,2015,Rape,4.8 ,"1,305.6 ","1,256.0 ",,
Puerto Rico,2016,Rape,5.0 ,"1,305.6 ","1,256.0 ",,
Puerto Rico,2015,Robbery,117.2 ,"1,305.6 ","1,256.0 ",,
Puerto Rico,2016,Robbery,93.8 ,"1,305.6 ","1,256.0 ",,
Puerto Rico,2015,Assault,80.9 ,"1,305.6 ","1,256.0 ",,
Puerto Rico,2016,Assault,105.4 ,"1,305.6 ","1,256.0 ",,
Puerto Rico,2015,Burglary,263.4 ,"1,305.6 ","1,256.0 ",,
Puerto Rico,2016,Burglary,241.9 ,"1,305.6 ","1,256.0 ",,
Puerto Rico,2015,Larceny-theft,705.2 ,"1,305.6 ","1,256.0 ",,
Puerto Rico,2016,Larceny-theft,679.0 ,"1,305.6 ","1,256.0 ",,
Puerto Rico,2015,Motor vehicle theft,117.3 ,"1,305.6 ","1,256.0 ",,
Puerto Rico,2016,Motor vehicle theft,111.0 ,"1,305.6 ","1,256.0 ",,
